{
  "n_valid": 120,
  "probe_a_accuracy": 0.8833333333333332,
  "probe_b_accuracy": 0.9,
  "probe_a_ci": [
    0.8166666666666667,
    0.9416666666666667
  ],
  "probe_b_ci": [
    0.8497916666666666,
    0.95
  ],
  "h1_f_stat": 0.5571428571428573,
  "h1_p_value": 0.5743556235170476,
  "h2_t_stat": -0.40682631369321826,
  "h2_p_value": 0.6848663455267836,
  "cohens_d": -0.053644178078582176,
  "h1_falsified": true,
  "h2_falsified": true,
  "per_condition": {
    "neutral_control": {
      "probe_a": 0.875,
      "probe_b": 1.0,
      "n": 40
    },
    "positive_treatment": {
      "probe_a": 0.85,
      "probe_b": 0.8,
      "n": 40
    },
    "negative_treatment": {
      "probe_a": 0.925,
      "probe_b": 0.9,
      "n": 40
    }
  },
  "chance_level": 0.3333333333333333
}